﻿<?xml version="1.0" encoding="utf-8"?>
<component format="1" id="MediaPlugin" is-shell="true">
  <name>Media Plugin</name>
  <publisher>James Montemagno</publisher>
  <publisher-url>http://www.github.com/jamesmontemagno/Xamarin.Plugins</publisher-url>
  <version>1.0.1</version>
  <summary>Simple cross platform plugin to take photos and video or pick them from a gallery from shared code.</summary>
  <packages>
    <package id="Xam.Plugin.Media" version="1.0.1" framework="winphone-8.1" />
    <package id="Xam.Plugin.Media" version="1.0.1" framework="ios-unified" />
    <package id="Xam.Plugin.Media" version="1.0.1" framework="android" />
    <package id="Xam.Plugin.Media" version="1.0.1" framework="winphone-8.0" />
    <package id="Xam.Plugin.Media" version="1.0.1" framework="ios" />
  </packages>
  <samples>
    <sample id="MediaSample">
      <name>Android Sample</name>
      <summary>Android Sample</summary>
    </sample>
    <sample id="MediaSample">
      <name>WindowsPhone Sample</name>
      <summary>WindowsPhone Sample</summary>
    </sample>
    <sample id="MediaSample">
      <name>iOS Sample</name>
      <summary>iOS Sample</summary>
    </sample>
  </samples>
</component>